0,5,91.45,0.05,353.04,-27.33,94.31,99.05,16.48,220.07,-76.53,361.08,10.58,56.54,178.21,82.69,265.64,96.47,14.62,134.84,30.09,427.43,24.32,52.79,537.25,-40.34,91.89,53,89,27,35
0,5,28.06,11.30,443.70,-81.27,76.40,18.96,41.96,362.88,20.40,228.84,59.77,19.37,229.11,25.94,266.77,6.42,86.74,205.40,-58.56,360.76,90.70,67.03,293.57,132.72,193.01,30,75,36,19
0,5,34.00,60.63,215.86,-46.76,153.38,24.74,45.92,38.22,79.06,287.15,85.61,18.04,243.65,-2.85,49.78,61.26,54.39,210.40,-38.61,149.87,45.86,0.11,206.94,29.03,88.91,83,51,30,22
0,5,71.48,0.23,125.72,12.75,26.37,47.74,54.30,248.33,-79.97,179.91,13.57,80.49,76.16,1.08,136.60,12.77,9.56,563.02,1.79,184.41,20.46,31.58,376.28,-24.87,64.19,14,43,66,60
0,5,27.65,73.50,135.87,-142.83,306.14,62.46,82.92,404.98,87.59,289.38,40.68,23.97,603.20,94.47,420.45,43.60,27.17,137.07,-52.23,152.53,72.27,21.06,178.91,12.23,111.93,30,70,32,11
0,5,38.85,26.55,75.67,-64.92,315.63,5.15,42.13,307.33,-23.71,235.86,76.60,68.81,102.74,2.72,146.32,1.55,44.17,302.19,-66.15,134.25,59.42,5.97,131.33,-5.43,144.23,24,12,12,76
0,5,52.20,40.90,229.23,-42.57,329.63,60.87,9.82,187.74,18.56,224.51,99.49,32.25,225.47,168.14,365.42,44.37,47.73,123.95,-59.13,145.51,69.16,43.27,42.92,-7.12,96.45,83,51,34,68
0,5,56.45,15.36,88.63,-114.17,679.24,14.19,50.86,297.06,-1.61,313.89,98.60,25.40,195.21,36.79,249.01,14.49,91.85,196.53,114.29,403.68,96.94,98.96,413.43,122.23,299.15,83,67,12,72
0,5,40.54,49.53,197.18,27.97,373.80,53.09,41.33,165.09,14.41,187.85,59.11,60.21,131.38,-16.45,200.96,66.81,64.83,313.01,10.50,192.49,7.18,24.03,142.93,-47.36,503.68,77,27,26,89
0,5,5.00,46.43,44.82,-23.00,98.39,77.04,22.99,355.15,-68.03,97.75,67.89,88.72,111.78,-31.24,196.17,73.56,64.41,242.19,49.08,244.41,46.99,35.98,193.31,-71.80,285.29,40,19,81,68
0,5,42.40,60.58,116.09,-9.52,220.95,56.61,6.58,79.24,-9.44,254.89,10.13,46.84,149.49,6.31,67.48,12.11,84.63,82.52,26.35,162.19,90.30,24.01,248.50,4.94,99.25,17,22,82,17
0,5,37.39,52.73,56.07,-28.56,57.73,30.35,34.72,43.40,15.25,134.93,90.35,40.33,52.80,3.14,25.87,64.82,76.84,116.33,40.57,254.87,51.07,82.19,192.00,-87.83,422.40,49,34,76,78
0,5,68.03,54.83,250.30,168.33,333.20,46.49,57.17,516.14,-119.86,191.36,67.68,53.37,170.19,23.99,122.07,14.74,38.03,225.27,25.90,172.83,37.91,85.66,446.07,-13.03,129.86,16,10,66,63
0,5,18.01,82.62,181.71,-24.09,53.99,66.06,55.54,139.89,-163.43,564.26,57.55,38.32,46.68,-17.90,66.24,64.62,83.43,180.27,-68.00,144.76,18.07,47.10,102.40,70.62,490.52,73,12,29,81
0,5,57.02,82.81,159.87,-17.21,183.35,66.15,73.39,162.44,-63.68,147.35,8.53,3.66,132.48,120.02,414.30,73.77,30.85,89.71,-1.81,45.54,49.60,53.16,182.92,28.82,66.95,84,22,18,67
0,5,65.80,70.73,476.04,98.44,79.34,15.12,59.71,253.09,-172.66,603.95,7.71,5.07,126.55,-141.10,259.70,65.68,51.20,601.77,57.14,136.83,5.21,94.47,278.64,-0.08,223.58,22,56,88,58
0,5,51.70,37.91,152.75,98.81,159.41,25.10,38.06,155.10,-45.44,124.03,94.00,87.36,190.40,139.20,276.39,24.97,71.45,409.37,-149.50,456.95,13.66,7.96,471.47,-66.37,393.89,86,31,34,57
0,5,4.30,55.23,193.02,79.11,281.28,67.88,69.78,83.93,-4.86,111.77,74.07,35.94,184.75,114.76,138.31,86.37,20.29,104.51,85.98,515.62,81.86,56.82,123.63,-14.20,142.58,81,78,54,16
0,5,98.92,60.20,359.86,-128.11,177.22,31.73,47.26,232.78,112.71,578.91,28.67,78.43,79.71,-16.05,278.59,74.64,26.18,81.21,-12.29,271.75,7.77,61.56,110.53,-0.94,172.34,86,45,33,31
0,5,72.68,34.68,95.21,22.95,230.08,42.80,90.88,350.98,33.50,76.82,95.77,51.54,151.27,-91.65,105.31,85.52,84.13,74.57,18.91,317.04,26.72,41.92,277.21,35.76,77.45,78,12,43,77
0,5,15.82,81.17,176.54,-104.31,314.18,57.50,37.50,35.42,1.25,79.89,40.43,37.38,140.50,-101.41,207.61,80.50,29.49,120.37,-41.93,407.72,37.87,77.11,79.28,-35.71,343.03,83,85,25,23
0,5,60.46,20.75,354.13,97.68,180.50,25.65,65.96,98.23,-65.76,317.51,65.76,21.26,166.62,-28.46,145.81,78.47,52.67,128.56,0.63,164.23,44.05,68.83,49.62,9.92,216.78,85,13,23,36
0,5,13.30,54.15,263.06,52.00,229.30,94.25,65.32,306.60,-101.57,169.28,4.27,73.00,133.74,-21.00,247.20,45.19,28.11,252.41,-59.83,160.23,38.71,62.05,157.37,58.61,413.68,22,56,71,11
0,5,21.19,25.13,110.14,-23.99,81.28,55.73,4.03,113.59,3.14,99.12,73.93,61.23,113.32,71.01,137.43,79.76,9.17,133.38,-40.69,285.45,59.80,28.70,365.65,-167.85,464.94,85,81,10,15
0,5,82.37,77.33,328.16,74.01,253.62,46.55,57.15,219.60,62.99,117.74,72.50,28.07,137.41,-46.59,280.91,2.12,23.79,120.87,-14.69,355.72,39.79,32.08,70.64,-40.48,174.05,88,36,30,31
0,5,79.53,97.50,86.83,48.78,114.61,37.44,65.49,134.61,-56.90,200.15,81.27,92.43,299.61,-30.60,58.46,53.24,24.20,101.41,-74.57,142.25,78.68,77.41,284.81,9.48,338.15,54,38,14,69
0,5,23.72,45.31,260.85,-81.64,145.45,79.53,41.00,171.36,54.90,85.74,47.36,46.11,148.29,19.81,143.58,20.74,16.62,112.42,-48.08,103.24,83.96,15.87,57.18,-5.85,186.52,68,88,33,15
0,5,47.54,53.60,256.97,26.97,196.00,18.31,4.40,57.99,3.03,84.11,22.16,51.52,323.43,-118.41,111.86,58.82,90.86,59.28,-14.13,388.27,85.11,47.54,397.57,-11.45,49.57,61,56,10,53
0,5,49.58,18.63,289.70,118.12,379.20,85.11,55.74,207.23,-135.05,150.94,84.94,97.69,242.89,23.62,106.65,13.32,29.47,285.19,-22.57,113.05,23.45,27.48,192.44,-37.78,135.78,68,70,75,10
0,5,40.11,60.81,196.92,-88.00,119.00,57.13,1.73,27.78,10.61,164.95,42.66,49.80,17.15,-11.79,222.65,95.68,11.61,58.10,-44.10,301.16,19.95,5.68,72.31,-17.08,91.10,72,77,20,56
0,5,78.06,35.10,160.25,14.02,175.57,57.39,95.55,338.66,-125.46,163.91,52.65,54.57,94.82,-15.83,359.36,27.29,54.38,337.58,55.20,127.34,1.78,31.25,257.53,2.62,82.69,64,85,50,37
0,5,40.96,46.52,121.72,54.48,51.46,73.56,45.45,540.72,80.33,165.80,3.13,41.95,301.50,-62.96,613.09,37.32,86.46,187.69,-22.02,73.05,72.39,40.93,457.34,31.23,81.34,39,71,51,21
0,5,96.62,29.38,237.41,-115.30,184.64,76.81,13.73,403.19,-24.13,404.93,41.00,97.37,129.08,-108.42,174.85,64.81,23.13,140.00,122.41,365.94,52.49,66.11,92.73,20.68,112.61,31,68,83,74
0,5,75.47,59.79,95.38,-61.18,191.86,50.41,96.27,72.59,-5.38,25.48,14.37,18.06,225.03,-105.12,260.37,14.01,1.97,242.72,-150.96,191.39,45.64,55.23,420.94,86.58,92.96,82,64,41,15
0,5,15.32,94.77,271.61,-3.18,194.98,38.63,4.02,48.47,-20.11,119.61,34.41,38.71,152.32,50.87,90.10,73.88,61.60,278.91,118.21,251.19,60.11,85.04,94.37,-30.16,124.69,87,76,20,47
0,5,77.85,44.80,82.81,11.10,52.84,97.98,51.05,281.31,1.91,519.53,50.12,26.97,174.81,-19.21,55.78,16.81,36.03,247.45,36.86,27.36,22.60,46.49,55.12,-13.38,113.81,42,85,60,18
0,5,37.81,46.17,157.62,-85.23,282.19,41.32,39.88,343.14,-14.68,269.86,74.84,54.62,227.81,-41.71,103.10,74.83,0.05,148.58,2.80,193.10,27.83,58.91,73.96,-6.11,26.67,23,77,38,19
0,5,50.40,86.51,44.59,29.65,167.19,48.96,88.93,507.46,221.23,457.35,68.51,25.71,119.19,-65.25,174.08,82.78,45.17,115.49,-10.00,188.11,23.06,13.74,182.65,-1.01,165.80,11,28,49,82
0,5,0.67,25.54,542.01,-63.71,384.93,21.39,50.48,50.77,37.92,384.40,73.44,77.54,150.83,1.67,181.43,56.58,39.35,113.14,59.62,302.91,11.79,20.06,41.91,-0.46,46.06,64,25,10,17
0,5,86.65,43.82,234.93,47.41,118.71,10.55,23.27,268.71,-44.36,94.67,24.71,53.25,271.84,21.14,314.44,73.53,40.32,66.34,-8.91,195.37,23.02,97.02,246.10,9.76,82.44,78,46,35,77
0,5,26.37,48.97,251.85,37.11,306.17,33.12,60.72,347.27,73.66,65.63,56.03,62.22,57.64,-25.46,345.21,87.34,26.76,286.48,-0.85,117.50,35.02,24.14,310.90,60.35,220.91,25,26,77,75
1,10,4.95,43.52,519.23,-49.85,101.67,79.22,24.57,174.18,-46.93,121.93,30.86,68.91,210.82,-23.93,71.45,28.73,99.71,288.09,32.78,112.03,26.51,35.73,93.43,-31.34,387.41,88.25,78.10,339.57,114.50,397.70,69.84,34.92,363.80,58.09,206.09,35.95,43.01,128.05,35.79,143.69,23.82,54.83,87.00,-9.49,101.82,72.52,64.47,324.84,26.63,113.39,68,19,35,71
1,10,79.39,21.00,232.30,-74.30,254.22,27.00,70.11,301.57,-84.81,204.60,17.88,89.30,98.97,-36.19,59.08,58.41,12.24,79.09,64.24,306.81,55.96,37.59,105.39,23.44,171.28,40.59,32.52,58.77,30.51,125.19,58.28,41.66,196.38,-46.38,232.66,49.35,63.74,147.27,0.10,126.57,56.35,48.42,453.56,46.38,158.45,46.92,9.95,240.61,38.18,48.40,57,54,16,19
1,10,11.81,48.47,54.53,31.68,77.11,50.77,55.38,177.40,42.94,142.37,44.42,91.56,303.36,-13.09,162.99,5.25,57.36,238.42,77.86,241.78,9.48,74.73,260.11,26.73,176.12,92.05,7.81,142.22,35.63,45.75,93.06,13.73,112.51,79.02,290.28,2.43,13.11,192.50,-85.76,229.38,60.10,57.44,232.62,57.88,54.60,65.13,28.02,110.92,-5.86,125.32,84,11,35,76
1,10,32.76,97.41,235.82,48.54,81.64,35.74,79.98,412.73,32.85,404.14,3.88,13.43,194.13,-39.07,192.80,28.78,50.40,288.80,-68.38,114.58,29.45,20.01,262.24,47.72,87.29,10.78,58.05,59.22,31.95,85.59,86.28,52.95,247.65,-203.65,343.38,48.66,29.71,324.26,-66.33,61.91,96.76,52.25,229.78,15.22,185.72,58.44,60.48,114.96,-23.78,171.51,22,81,41,12
1,10,75.07,63.55,109.71,18.14,223.98,24.68,70.18,70.00,28.40,290.21,82.74,6.74,168.24,-18.91,258.96,59.71,25.26,359.38,-78.59,112.81,73.32,99.38,350.48,-66.09,380.48,0.13,44.16,277.27,153.03,275.25,36.21,65.85,96.03,3.36,61.95,82.24,68.82,335.21,-22.14,107.77,62.26,82.53,214.84,100.89,339.43,74.59,1.28,148.72,26.36,109.01,28,88,16,38
1,10,89.08,63.03,120.51,12.50,481.39,89.31,75.24,292.52,70.97,192.95,4.84,90.31,296.22,64.19,397.67,3.65,23.23,166.11,37.20,132.21,27.99,92.51,115.91,13.78,92.77,54.95,65.27,111.48,45.89,302.98,73.20,22.75,155.87,92.26,303.56,57.89,48.84,85.18,15.80,189.98,52.03,1.98,111.43,-5.13,118.92,15.23,81.84,300.75,-57.58,95.45,24,59,78,66
1,10,51.85,45.95,125.88,-21.32,59.35,71.52,49.74,31.56,11.58,180.21,1.28,20.52,141.57,99.38,149.65,26.10,44.20,59.58,-21.81,165.76,99.69,47.80,353.38,-20.72,64.51,39.41,0.60,164.49,-37.16,176.97,18.52,5.05,32.28,-4.00,321.31,93.25,9.56,84.76,103.90,528.56,27.10,32.11,97.92,21.70,219.87,65.62,3.95,96.55,12.84,104.43,12,24,80,15
1,10,82.47,27.05,98.20,15.39,104.96,40.79,90.40,354.28,-16.76,237.34,1.83,35.47,190.68,-19.72,171.75,48.66,68.80,312.82,61.03,230.07,68.55,93.17,57.18,6.30,585.69,5.66,16.38,193.14,-8.74,64.06,52.64,41.43,410.14,-203.73,446.82,78.25,40.23,122.96,-47.43,282.06,86.25,37.57,235.86,132.51,217.29,81.36,89.61,228.60,-47.55,155.08,75,83,79,17
1,10,1.06,88.17,135.92,-29.41,140.15,43.50,31.66,396.61,-77.49,131.19,69.47,28.16,77.61,31.84,188.92,14.43,2.05,104.08,-5.08,204.11,54.45,43.25,30.19,-41.85,193.77,43.25,74.56,107.23,-65.56,224.36,39.78,50.78,81.29,-19.67,130.13,73.72,73.57,332.13,72.66,372.55,36.84,9.26,123.76,-73.03,139.17,87.86,57.62,141.68,29.59,50.31,88,46,10,52
1,10,15.87,38.34,33.29,-39.69,231.53,31.42,83.30,65.67,56.96,183.33,76.93,49.29,175.58,56.78,127.58,63.02,2.03,187.70,53.84,120.30,26.61,32.83,265.11,83.31,162.40,46.34,64.45,177.36,-80.39,361.51,45.00,82.64,93.25,-12.19,58.86,77.37,80.83,112.61,34.13,251.39,87.37,80.02,257.88,103.78,267.88,57.45,55.22,207.77,-77.88,159.06,10,43,80,44
1,10,20.90,70.56,237.13,33.47,256.47,54.18,83.31,374.65,-57.65,176.94,71.18,86.21,134.60,-21.97,87.97,7.29,70.41,106.00,34.47,241.99,97.15,55.52,100.96,-39.99,53.50,51.90,25.19,108.97,-16.31,28.54,24.27,12.85,163.26,14.00,239.47,3.85,4.13,286.40,-90.84,214.10,80.92,88.77,43.36,10.21,43.24,77.90,37.30,178.17,4.42,66.54,55,10,67,78
1,10,71.75,45.63,57.44,37.21,357.23,56.44,70.80,424.67,-60.48,74.34,69.84,34.62,44.29,40.68,255.63,6.39,99.22,44.74,23.94,140.18,64.03,85.18,99.52,43.56,191.40,31.05,96.25,95.35,12.37,120.23,80.80,6.51,212.21,114.60,407.40,32.38,17.45,161.65,67.57,186.10,99.32,25.51,333.06,76.09,523.84,24.45,38.17,140.02,21.97,232.95,22,61,85,11
1,10,27.15,59.63,116.56,-56.32,193.38,66.42,39.06,341.33,-53.14,57.25,28.90,88.53,260.10,25.13,33.02,57.74,20.76,112.32,-6.04,128.69,86.30,46.13,367.20,68.66,44.57,61.47,44.91,380.32,-158.98,527.41,27.58,66.99,357.95,-167.06,344.82,23.72,84.81,161.60,-119.05,562.27,59.43,43.52,142.09,46.51,78.86,0.37,10.87,162.30,-11.60,93.74,49,81,33,11
1,10,83.82,11.48,175.69,56.45,367.17,39.25,66.27,123.21,52.61,289.34,41.25,35.95,173.26,37.16,54.67,40.60,36.21,237.71,11.98,258.76,18.34,43.03,111.50,-18.03,45.91,63.84,63.10,101.29,60.21,218.78,51.60,63.04,51.27,85.11,315.63,10.57,88.91,49.65,18.95,55.88,48.37,3.08,81.87,23.86,193.37,17.06,1.34,228.05,23.35,33.66,56,87,53,12
1,10,91.29,8.89,178.61,2.53,118.43,58.71,59.43,138.20,13.72,122.22,40.47,54.38,92.36,50.60,178.45,7.46,2.44,485.29,-130.69,157.43,24.89,97.94,174.83,-40.85,246.64,74.66,57.66,185.98,-89.06,107.03,9.14,44.97,351.69,21.91,30.07,40.65,15.59,232.64,45.93,229.48,91.16,14.80,229.02,11.00,594.13,78.33,48.11,198.16,70.34,62.93,20,89,53,17
1,10,88.15,27.07,224.66,-41.69,112.42,46.80,56.48,77.92,39.88,150.01,57.06,81.66,520.41,-38.26,456.41,63.52,3.50,222.76,-105.16,259.38,88.15,50.66,30.65,-6.82,111.60,62.37,51.40,79.01,-10.20,81.97,25.48,64.80,229.84,-0.40,229.62,14.45,91.34,59.66,-18.60,545.76,46.22,2.96,373.98,-63.12,209.30,2.79,85.07,172.86,27.69,92.69,80,75,16,20
1,10,69.57,47.56,393.72,14.82,190.61,8.43,54.04,264.76,-7.80,93.39,26.29,16.43,91.42,-29.09,481.69,76.09,35.39,233.63,-39.16,133.32,14.41,65.13,546.19,84.43,352.31,96.73,12.42,90.43,-12.78,57.02,4.38,55.06,63.04,-17.82,215.33,43.99,23.62,167.24,26.47,115.62,60.33,46.73,162.91,5.89,245.82,78.46,68.56,169.28,15.98,157.14,76,88,28,15
1,10,17.45,33.61,158.54,28.49,110.38,96.74,11.74,176.09,-68.49,87.64,28.48,10.03,187.69,-34.97,297.27,1.30,63.25,37.35,26.32,204.38,45.57,17.17,219.13,-45.31,140.71,54.26,23.93,543.55,-179.12,158.29,49.36,62.02,338.64,-28.53,106.87,66.21,27.19,90.84,26.03,299.23,82.32,47.48,200.30,7.96,36.99,69.86,77.83,363.42,160.12,375.95,12,23,83,25
1,10,48.42,30.16,137.33,-1.26,118.11,15.69,31.33,495.91,-88.20,88.49,99.76,2.30,152.53,-64.91,179.33,67.49,64.55,40.89,-35.07,215.50,74.97,58.79,232.74,-110.21,136.60,33.34,45.10,98.74,6.84,284.61,50.96,74.33,349.34,84.13,135.16,65.44,0.74,72.05,-23.33,113.88,5.94,89.69,365.84,-100.40,247.62,9.12,51.83,107.45,-2.88,432.38,85,88,24,66
1,10,48.27,55.87,394.54,-1.06,49.23,26.16,74.38,320.27,2.17,84.84,50.53,57.61,444.05,-10.90,239.36,9.44,57.25,142.70,134.09,479.67,8.33,30.10,148.48,17.34,353.37,24.66,5.60,64.49,-13.45,587.34,47.17,61.97,306.22,23.32,105.71,91.52,10.40,85.68,76.69,148.93,5.18,20.86,114.22,43.04,181.82,14.48,47.04,132.28,-47.78,126.01,57,19,27,72
1,10,73.15,41.74,299.86,66.29,363.56,100.00,32.05,149.04,-13.65,168.83,39.92,28.57,131.82,23.97,191.76,24.80,94.37,250.34,90.86,515.67,32.79,7.03,100.65,-21.63,164.42,32.37,7.66,255.20,120.65,218.95,78.78,78.93,251.82,102.37,156.93,32.46,60.79,410.60,87.10,68.91,64.70,3.75,63.36,-33.46,70.72,29.57,60.50,67.51,39.80,143.68,24,73,38,15
1,10,65.27,88.55,162.06,-4.64,124.98,51.57,38.58,48.63,27.86,324.79,65.86,69.29,83.37,12.41,33.36,93.69,86.94,411.52,-131.01,72.94,80.77,36.30,466.77,238.58,594.87,33.90,8.83,282.42,9.74,96.79,45.07,92.55,270.95,28.06,204.75,49.36,14.17,197.87,-42.64,193.10,93.55,5.10,258.70,-14.88,40.26,9.55,89.32,82.56,8.24,330.44,64,87,78,27
1,10,85.98,11.91,425.43,-130.68,257.37,53.11,90.20,217.49,106.48,546.80,21.19,5.74,244.42,143.22,666.25,73.38,30.26,57.11,13.61,42.07,63.83,68.72,307.86,-201.06,436.10,25.15,92.12,262.86,-51.17,70.86,44.34,22.45,202.71,39.39,93.60,39.54,41.68,296.88,-83.03,148.00,20.85,74.87,141.61,32.26,103.96,49.82,43.81,258.89,-2.57,47.40,69,17,28,73
1,10,15.67,39.97,242.23,-118.26,389.15,89.42,57.25,167.99,-43.57,117.60,63.80,57.52,108.97,-19.40,36.46,89.81,82.57,180.66,-44.59,82.05,96.04,16.42,213.71,-121.52,309.65,56.20,79.37,89.15,25.70,76.26,70.88,12.76,96.71,3.59,46.58,66.58,44.36,180.90,-20.98,447.01,45.83,68.55,263.06,-36.90,417.65,61.75,98.59,44.31,28.58,222.43,39,35,77,88
1,10,32.72,46.98,197.67,5.11,220.80,49.36,53.46,84.73,-15.29,81.45,3.08,52.24,416.45,27.90,36.84,2.96,50.56,76.78,5.38,196.09,3.47,56.91,585.98,-6.94,99.58,48.18,30.97,154.42,-18.26,419.05,52.08,25.68,137.69,24.90,49.14,39.68,67.54,80.69,-42.19,195.36,13.37,36.08,32.27,-7.70,360.47,44.65,55.09,173.41,-57.18,439.50,22,54,78,20
1,10,88.24,20.64,139.69,16.64,54.41,50.54,11.89,131.90,0.28,43.26,71.20,95.96,57.25,17.30,89.91,26.59,61.90,347.18,21.67,97.13,82.50,16.99,283.00,20.27,160.18,35.94,44.45,581.28,-94.06,133.90,47.97,87.53,90.58,22.67,31.95,45.67,67.27,50.20,-16.32,179.70,83.81,60.25,79.87,16.38,119.45,8.23,86.93,525.95,-41.71,56.70,30,50,89,70
1,10,30.64,54.40,260.09,56.82,214.85,63.38,28.26,305.72,-36.27,384.94,37.80,18.45,355.20,89.57,74.61,38.54,62.33,135.13,-111.30,369.63,83.33,38.49,82.59,-9.51,65.51,52.89,30.36,262.14,-3.49,35.23,95.99,15.93,448.57,-87.54,332.72,68.32,11.87,127.15,-82.26,409.47,88.74,3.47,254.93,59.80,59.75,72.13,42.55,128.40,27.22,479.38,76,87,17,56
1,10,82.81,47.48,55.17,61.88,238.79,15.20,39.27,168.14,-14.69,207.07,67.42,65.74,126.16,-38.96,443.27,29.64,88.14,112.76,-7.61,114.05,11.71,1.65,125.53,28.51,164.14,8.12,33.00,212.36,8.38,102.97,40.49,70.01,87.43,34.51,306.78,99.72,13.25,106.79,27.48,173.01,56.86,5.85,308.06,-108.94,257.82,72.20,61.46,242.93,35.73,102.28,76,89,10,37
1,10,50.46,93.58,174.86,6.94,366.35,22.91,42.83,207.90,2.73,50.35,70.88,44.52,187.74,71.99,126.78,46.75,23.54,280.86,-65.62,209.27,28.33,82.25,100.41,-75.31,424.58,37.97,57.54,42.81,-14.08,60.37,22.82,88.95,425.24,38.25,204.22,92.72,3.82,163.47,-57.60,224.38,39.83,60.88,165.95,-30.88,218.91,13.65,43.11,237.13,-70.13,46.42,24,73,15,22
1,10,38.32,5.48,92.71,-41.03,65.08,6.52,61.22,266.88,-77.62,229.70,84.04,52.54,72.29,47.72,257.54,33.89,0.41,306.09,-3.52,177.41,24.51,91.10,195.23,-31.95,52.77,29.94,87.58,130.31,33.29,538.54,59.58,21.04,181.30,10.97,124.06,46.61,69.92,47.62,-37.45,373.77,83.94,60.88,164.74,8.73,202.87,46.85,52.56,149.33,-118.11,356.06,22,46,74,53
1,10,31.63,35.62,239.22,49.86,135.51,27.30,85.34,325.34,11.94,54.10,77.27,36.55,282.25,-21.77,83.19,95.82,28.58,389.48,-112.42,164.09,4.81,43.54,561.08,70.00,24.94,81.92,60.39,120.57,-49.84,202.36,27.23,85.02,391.37,9.87,69.52,90.57,43.27,49.93,-22.83,189.13,63.79,27.54,291.41,-60.57,466.65,59.08,37.28,246.49,-43.76,152.92,67,68,70,10
1,10,56.96,91.41,140.15,-60.61,104.61,17.78,41.75,449.08,176.67,519.11,55.71,70.51,74.67,-4.45,75.96,13.48,34.82,166.87,10.51,269.34,39.86,58.36,90.91,-28.25,51.10,88.34,84.41,290.23,30.88,216.67,65.58,39.36,522.49,-180.34,231.93,13.83,15.33,222.71,21.71,75.78,57.18,40.95,69.59,28.84,122.86,10.50,52.10,268.40,-85.93,246.38,28,77,63,16
1,10,34.77,24.79,265.22,-16.12,372.82,1.07,77.21,206.27,-23.30,142.91,74.63,63.27,49.97,-21.77,176.75,49.47,12.02,64.31,-88.28,436.17,87.31,10.21,69.87,27.60,116.33,46.85,1.86,110.00,-68.84,155.71,59.33,7.85,148.26,-61.75,250.42,26.88,6.16,105.21,41.12,181.91,85.61,27.49,189.98,62.84,346.50,39.93,37.79,171.85,31.55,98.93,88,84,51,28
1,10,4.51,7.45,52.88,-7.76,305.47,95.30,8.06,419.49,8.07,143.68,49.31,0.29,84.89,25.22,244.11,84.55,58.58,213.53,-34.55,175.42,43.44,52.93,332.95,40.80,49.32,10.25,99.12,170.64,5.83,41.84,51.36,42.47,49.43,21.16,75.06,17.98,58.40,128.88,-41.74,73.98,68.79,42.73,122.56,-2.52,279.74,3.33,37.75,297.62,-76.53,332.50,22,14,78,76
1,10,92.41,34.34,239.81,-68.28,80.12,92.90,56.19,247.06,144.31,243.80,4.58,43.41,605.75,82.22,55.11,60.31,15.76,168.13,-27.30,415.48,90.16,6.88,403.84,-165.08,188.61,40.90,43.65,66.66,14.49,33.90,42.25,28.98,71.44,-1.85,100.70,81.92,43.52,197.26,-15.69,82.27,27.33,47.91,25.94,22.35,194.41,85.14,87.32,208.74,3.74,72.60,45,21,22,78
1,10,44.40,45.39,39.12,19.32,172.46,10.26,40.26,437.66,-65.97,142.07,10.57,75.05,27.24,-16.15,256.45,45.41,38.49,168.24,80.42,194.21,42.58,29.62,159.36,28.17,231.75,75.76,53.93,80.75,-87.22,377.73,69.57,73.08,86.69,-3.04,240.94,56.00,74.15,131.67,11.93,50.57,58.81,42.92,184.43,110.56,268.32,9.74,29.60,280.93,12.03,78.02,79,74,27,39
1,10,27.37,22.15,48.99,-44.82,743.62,1.16,26.08,486.56,79.19,425.67,66.86,87.23,251.59,75.88,241.92,68.27,49.13,158.79,-41.25,106.77,85.48,88.97,142.27,-52.76,281.43,17.46,21.40,146.43,29.03,277.54,78.49,6.24,59.00,-6.52,198.60,52.97,59.12,274.70,12.24,125.53,58.30,75.06,808.86,40.40,346.03,83.43,65.49,86.75,-51.01,233.59,33,52,87,89
1,10,70.09,63.04,74.98,22.44,40.38,14.67,93.27,67.54,-10.17,203.68,92.31,31.89,222.59,144.13,684.02,72.75,30.24,121.20,31.20,160.04,11.71,34.91,147.79,48.12,131.13,60.05,27.74,84.74,53.45,77.83,72.77,84.18,110.67,57.23,98.86,5.20,90.54,282.04,136.92,184.93,95.51,30.82,22.31,-40.36,303.21,39.15,56.99,143.78,-12.32,62.38,34,13,33,76
1,10,93.37,14.10,39.13,22.58,230.35,27.70,61.25,55.68,45.53,513.13,15.13,97.24,231.24,-18.54,265.58,73.67,58.35,290.94,-48.55,116.76,41.95,19.28,454.99,8.28,185.28,60.52,28.49,97.65,-35.05,79.62,28.30,54.87,351.89,-129.58,106.68,42.35,2.58,155.70,-36.14,100.62,79.91,64.33,220.76,71.17,199.09,75.42,57.63,218.01,49.64,90.69,39,51,80,14
1,10,17.07,16.88,342.88,-0.22,99.71,78.40,18.46,249.71,140.63,288.39,73.64,83.57,182.11,30.13,73.35,41.72,26.50,130.52,-36.14,88.52,60.29,67.99,59.52,35.68,110.86,7.40,37.56,83.86,33.42,328.21,49.15,32.90,39.28,-18.53,70.33,98.45,21.14,238.34,-62.38,82.08,13.37,48.11,338.01,-40.48,280.20,80.18,71.48,291.85,-45.59,524.66,85,51,32,17
1,10,94.72,62.67,216.43,29.24,137.89,13.80,78.81,139.66,-52.06,248.21,3.15,13.30,558.91,-18.47,415.41,96.08,63.08,150.00,85.02,337.28,33.21,66.54,214.21,-78.84,358.07,75.17,68.26,452.32,-95.60,307.81,28.78,38.92,131.13,-39.20,82.05,88.60,15.29,62.20,6.02,245.38,60.24,15.80,180.50,-19.69,43.69,69.65,58.58,323.41,-82.08,162.67,76,66,28,19
2,15,86.53,58.06,163.17,-39.37,152.08,1.15,52.98,261.51,-87.03,292.02,94.37,12.52,80.77,13.26,155.59,62.84,65.35,356.61,200.25,281.74,50.21,12.97,63.89,-21.49,193.41,62.49,51.69,248.97,73.21,101.18,51.84,73.15,153.45,-55.14,279.92,1.77,66.21,200.51,17.98,128.15,73.78,27.75,104.52,-38.16,40.01,36.24,91.84,153.90,69.02,145.35,78.63,66.76,165.37,75.86,183.06,79.68,10.02,123.65,-65.61,136.88,98.73,7.70,105.54,-10.97,179.74,96.92,26.14,54.12,-11.60,147.65,69.64,17.54,29.91,-18.97,109.49,81,51,17,77
2,15,82.64,28.67,328.62,-10.61,93.30,75.50,28.57,220.93,98.46,312.98,43.68,13.46,205.69,-0.54,181.93,73.12,53.75,52.92,22.24,89.31,47.52,79.14,23.20,17.58,339.61,50.54,15.04,109.59,7.69,179.82,41.84,67.48,19.23,-3.00,132.53,37.11,72.72,86.11,-49.60,110.96,74.48,74.98,236.72,77.07,182.71,48.11,79.11,95.57,16.84,477.88,74.68,42.60,142.47,34.49,48.83,98.08,49.77,74.33,-48.31,256.22,56.82,52.45,129.09,-51.04,130.06,65.32,57.64,71.98,-2.70,52.18,36.63,65.88,156.91,44.79,261.39,87,31,10,71
2,15,2.84,71.53,214.75,-14.37,260.77,25.22,86.00,196.22,-38.39,343.76,8.94,2.77,395.72,-23.40,270.91,97.59,3.32,174.65,-61.73,78.70,76.10,34.01,438.01,60.36,86.27,54.51,43.77,102.70,-56.11,178.87,58.46,90.75,217.53,-15.90,282.42,9.79,93.93,21.14,-9.12,116.33,32.92,73.84,322.37,31.80,125.52,69.52,28.52,228.46,41.65,211.53,3.88,54.91,78.31,-24.01,67.88,2.05,13.01,47.79,18.45,288.39,45.89,4.55,347.13,115.45,139.90,68.43,22.08,54.79,-71.98,288.76,16.49,41.97,143.63,-40.91,339.66,23,24,86,28
2,15,85.30,3.76,265.03,-44.50,81.63,45.99,4.64,152.86,5.56,141.27,2.97,41.60,669.57,-85.98,48.63,77.01,58.72,200.24,27.66,125.45,7.03,71.04,100.59,5.96,28.31,43.29,62.70,285.21,-5.51,39.19,53.73,21.91,213.19,-18.49,89.23,14.55,40.23,58.18,35.88,140.39,7.91,38.99,225.51,-11.81,76.57,37.88,99.17,177.65,-43.49,159.68,39.80,1.38,211.20,67.67,81.03,62.53,32.02,73.07,-22.37,39.63,11.65,26.72,223.33,-79.44,467.25,97.08,15.69,174.16,26.36,80.74,4.50,68.77,270.00,-10.57,110.74,61,18,55,72
2,15,0.16,25.22,240.97,-13.75,198.62,52.67,26.82,369.18,-16.07,82.57,49.74,53.05,357.53,-8.82,273.07,92.80,24.52,83.70,-78.79,433.01,72.46,30.63,414.53,-70.83,275.24,50.36,70.93,210.18,-6.25,51.75,70.05,37.26,191.29,43.91,137.74,48.12,53.18,39.79,-3.90,39.81,3.81,95.75,273.27,-0.21,256.21,53.82,88.39,171.20,36.43,206.13,26.26,39.16,61.88,65.94,324.90,95.00,32.36,143.56,20.09,121.07,76.91,51.43,137.30,61.47,321.96,7.67,88.21,140.18,-14.26,303.41,39.95,26.97,70.54,-52.89,210.40,18,68,75,35
2,15,37.71,92.64,72.03,-27.24,83.36,22.80,15.62,662.61,-12.20,50.39,87.55,99.92,51.34,7.82,172.43,26.37,50.93,85.46,-79.37,113.65,62.41,53.48,112.06,11.15,40.59,78.05,85.67,82.13,-19.51,363.07,40.76,25.77,343.18,9.59,177.25,28.55,3.24,132.74,-35.20,87.57,35.53,27.07,159.54,-14.34,66.63,1.20,40.29,166.42,19.53,126.45,54.84,73.18,477.82,21.50,70.97,21.82,70.97,288.05,-46.67,78.15,34.63,86.91,331.13,14.21,372.35,7.42,21.42,177.02,42.10,135.03,93.64,5.56,99.92,-5.70,287.48,21,11,63,87
2,15,93.96,41.66,143.70,-27.60,513.55,0.55,2.83,343.09,-21.39,42.99,24.13,73.31,63.55,-4.28,105.94,94.63,4.27,308.61,-10.58,236.85,69.93,47.83,50.06,36.88,102.49,55.53,43.05,82.25,53.97,232.62,64.13,70.73,119.46,8.05,289.47,81.89,92.68,274.53,154.26,451.55,25.89,51.65,242.72,30.84,468.98,20.42,16.90,113.00,59.58,131.91,22.45,28.50,77.52,23.84,104.42,10.84,2.52,313.89,-88.85,865.03,2.23,54.13,252.58,5.67,209.92,54.61,81.63,96.34,-13.60,47.50,91.73,47.24,222.95,30.81,269.60,24,37,83,59
2,15,30.72,35.60,138.77,1.62,12.82,14.94,98.87,133.30,3.34,399.06,92.80,55.81,83.13,-32.44,112.19,99.90,94.07,84.98,37.13,273.90,16.16,43.88,175.76,-1.74,266.08,76.40,21.49,161.64,14.83,127.87,6.14,16.93,118.11,27.05,332.08,72.01,64.74,21.92,-11.45,66.35,7.76,17.78,162.04,-71.91,275.63,36.09,94.71,49.90,24.67,185.57,89.84,19.19,66.85,7.96,237.14,33.18,74.57,115.02,-59.62,126.32,80.70,7.66,305.62,36.15,211.71,64.80,73.26,89.29,30.73,143.64,25.43,89.67,266.57,-39.63,43.41,85,35,39,86
2,15,47.44,87.01,346.15,-32.82,157.48,30.11,87.25,195.91,46.88,146.48,63.75,47.80,143.89,42.23,143.83,14.01,72.18,314.38,119.31,483.46,26.60,75.09,188.31,101.36,269.18,41.68,38.34,314.57,-52.64,50.47,74.50,32.20,241.68,29.94,53.90,9.07,98.53,192.51,-5.79,76.82,82.12,39.52,154.53,21.91,68.59,36.67,46.93,54.45,-63.40,192.19,23.39,31.65,202.60,-45.70,46.99,62.52,28.21,213.88,-11.13,195.69,82.95,53.64,300.71,74.79,164.17,13.30,64.88,263.53,-35.60,35.12,95.53,15.09,275.12,23.56,169.65,69,61,22,41
2,15,93.83,23.30,122.25,31.90,274.91,7.75,2.45,95.84,38.49,147.13,82.23,27.58,122.33,51.35,85.83,61.71,87.53,149.53,-25.71,61.15,6.93,0.43,78.31,53.54,139.42,77.23,12.35,114.05,75.31,95.74,27.43,2.82,424.23,87.86,134.29,88.10,19.64,35.91,-33.62,62.45,64.49,62.75,127.79,-141.57,343.89,60.24,26.14,162.74,-10.14,398.53,36.18,71.53,158.57,-86.79,110.17,63.53,90.66,368.69,-5.00,55.96,30.13,36.35,93.19,-19.28,127.27,28.65,76.61,48.48,36.38,225.83,87.15,28.24,186.94,106.68,182.22,17,82,83,31
2,15,99.50,64.16,452.18,-26.95,43.68,17.53,8.44,307.96,49.85,296.71,60.52,98.39,121.38,-10.92,102.92,69.56,38.99,41.46,-20.26,159.49,74.35,61.89,135.03,21.63,127.03,90.97,43.37,223.44,77.51,317.82,0.61,71.77,271.87,11.81,500.02,38.14,31.42,274.33,-42.01,150.34,86.46,57.50,79.24,7.06,150.59,71.07,92.93,345.08,-29.68,29.54,48.10,42.30,223.89,-24.00,50.98,46.01,52.41,181.39,36.00,245.13,39.22,70.80,174.04,-5.47,228.47,20.86,37.28,287.55,5.49,53.87,40.97,82.97,39.31,45.64,247.78,73,43,21,70
2,15,44.19,35.95,36.62,-15.18,249.05,23.81,68.35,224.59,35.29,152.53,28.28,32.77,102.71,23.05,172.92,90.20,18.41,435.29,-5.60,132.11,26.35,50.22,208.05,13.41,104.44,76.68,29.29,267.92,23.89,121.54,98.64,88.56,176.71,-37.15,53.17,52.59,76.37,48.87,13.07,69.52,8.60,52.07,105.97,-46.54,242.86,90.79,47.97,298.20,71.61,205.35,41.73,28.75,160.21,51.43,138.36,35.40,1.14,84.63,-0.66,280.82,14.27,54.62,323.55,-2.76,181.32,42.79,63.08,269.19,-54.69,312.65,99.46,74.92,116.02,13.68,44.05,32,31,38,83
2,15,68.35,32.91,225.46,49.12,34.18,4.38,49.60,56.99,-25.30,114.72,36.37,33.60,443.94,-56.11,308.65,82.32,46.42,209.40,132.47,596.56,44.01,42.89,267.03,7.50,174.35,22.96,69.09,158.69,76.31,499.19,47.00,3.15,45.89,5.98,216.28,42.16,56.16,88.94,-69.17,261.93,79.08,49.72,69.81,-20.60,42.77,33.23,56.93,145.03,-23.15,190.39,95.54,7.46,266.16,-59.95,48.72,83.53,43.52,234.01,-39.72,68.58,32.28,65.83,489.89,22.97,306.25,49.82,87.72,266.83,44.80,67.69,41.97,32.85,267.05,11.02,92.97,30,57,77,30
2,15,6.15,19.95,170.87,54.27,76.45,46.49,6.42,317.18,-41.84,53.87,2.82,97.92,61.80,-7.13,100.52,3.92,40.74,144.64,79.26,162.66,32.79,59.26,334.71,-182.74,411.46,19.77,17.13,137.99,7.93,39.41,3.65,86.86,292.01,34.20,87.38,70.40,3.32,324.56,-45.28,89.78,58.78,59.24,318.66,-20.71,141.12,86.55,84.81,612.42,93.75,540.81,5.87,99.74,327.07,10.50,45.85,49.15,65.42,84.87,90.13,201.96,46.61,28.77,60.89,48.82,778.98,55.00,54.39,302.27,-117.41,305.64,24.90,31.65,130.66,37.85,231.77,42,83,42,12
2,15,16.67,42.53,93.34,-32.79,98.40,7.92,65.94,252.25,-182.32,245.04,73.17,21.51,318.82,20.09,37.91,60.27,60.42,71.52,-56.66,240.94,50.75,14.72,191.20,70.87,410.58,81.40,39.23,139.31,-61.18,423.04,10.14,75.24,127.60,-55.76,602.75,2.46,66.73,300.88,-63.20,139.98,39.60,28.78,219.86,-14.47,57.90,36.63,99.89,177.76,33.87,388.15,89.59,43.36,130.79,-0.25,55.13,41.47,4.72,91.86,-22.76,314.91,17.80,82.76,185.56,-1.83,108.31,22.52,12.52,413.15,-86.10,75.78,26.39,49.44,129.47,2.43,41.65,89,11,79,88
2,15,25.42,26.74,286.35,72.96,229.87,91.06,47.91,219.40,10.93,271.93,98.20,73.72,417.12,-93.43,328.37,64.96,68.29,72.54,45.61,302.73,35.57,94.85,555.14,-49.13,84.02,58.05,66.71,192.68,84.40,253.54,13.51,49.60,39.83,43.78,115.88,15.68,94.86,52.53,42.85,167.98,83.23,90.88,363.22,34.95,50.49,0.68,70.24,188.17,63.63,134.44,93.97,80.21,422.96,20.39,152.21,43.73,40.07,144.65,30.40,47.32,92.06,89.10,219.81,-9.36,158.72,26.04,37.07,102.36,-70.54,226.77,88.66,39.95,396.09,35.53,138.52,88,15,13,50
2,15,59.33,47.75,177.96,-19.46,68.30,27.22,73.10,283.31,119.47,138.69,33.84,64.48,254.02,6.92,290.63,26.34,10.44,35.00,-15.97,130.79,7.06,53.57,143.80,-14.06,98.32,61.90,77.79,133.10,45.46,45.88,21.57,18.42,194.86,-144.99,224.59,51.74,15.61,98.22,48.35,524.57,52.86,72.97,90.18,123.77,357.46,99.04,12.90,175.05,-15.58,41.75,29.28,86.91,186.59,28.55,166.43,37.56,32.75,182.26,-20.33,143.49,72.69,66.10,403.28,14.38,224.89,94.81,27.53,169.42,-46.18,55.96,50.23,44.26,346.77,59.43,42.76,37,56,75,10
2,15,20.71,55.63,522.25,-254.40,191.98,58.38,68.04,100.49,22.20,91.42,83.26,42.21,50.25,-52.45,397.96,68.29,60.20,100.43,35.07,331.35,19.66,45.26,96.77,-4.14,213.63,31.47,21.95,52.83,-32.66,78.18,85.06,56.97,551.31,11.77,129.85,3.94,11.22,44.96,14.55,377.89,33.59,73.23,28.01,7.27,188.20,12.44,23.48,117.81,-29.51,259.22,63.33,5.27,147.80,-21.97,121.97,70.08,86.35,515.67,-89.73,56.32,1.07,8.87,18.89,31.94,232.21,70.59,91.78,406.45,-31.55,77.19,59.53,60.10,159.15,96.32,602.42,21,75,87,17
2,15,59.86,58.06,202.37,27.98,191.61,33.95,29.54,395.15,100.78,206.88,33.68,47.03,274.52,-23.93,93.35,25.65,38.96,313.08,-129.56,449.38,28.27,48.50,143.73,7.29,227.62,59.52,25.77,225.88,-16.07,224.64,50.31,84.24,90.45,-79.06,425.63,39.20,60.51,241.08,-36.48,22.18,66.71,54.38,78.06,25.90,93.92,45.70,78.25,317.54,-210.03,379.01,36.28,40.61,149.75,-30.09,262.94,14.25,93.78,124.96,-26.14,441.87,39.50,83.40,392.07,-57.64,355.02,0.08,44.94,266.35,-24.05,177.84,10.55,87.93,75.28,52.45,261.60,68,63,10,45
2,15,91.82,47.44,104.22,8.96,109.74,74.16,57.74,109.72,-53.47,193.72,22.96,68.02,73.58,81.87,288.33,59.53,67.40,115.66,21.46,211.04,88.15,94.83,128.21,-15.03,593.02,4.28,10.71,131.34,-72.78,178.97,45.97,77.44,88.26,38.82,325.56,92.66,51.93,85.25,-141.79,496.39,30.04,62.85,137.76,-33.75,42.91,76.51,18.92,174.25,-25.65,55.64,73.89,73.41,330.07,135.31,172.29,97.26,93.68,277.56,38.97,88.73,80.57,72.50,160.93,-102.23,338.69,46.13,53.99,483.66,36.81,402.90,51.74,1.51,84.83,45.49,112.95,77,88,73,19
2,15,44.08,69.92,177.95,11.53,90.80,46.07,24.69,343.32,-86.06,387.64,28.62,33.36,147.01,-65.62,283.29,30.02,14.35,466.96,-110.69,62.73,54.56,57.91,106.69,-4.53,290.91,71.96,46.05,249.33,17.48,260.53,9.34,68.94,222.92,-16.29,63.72,59.14,79.53,206.98,-20.51,70.31,0.88,62.82,145.73,-30.04,52.64,89.30,48.37,178.98,-132.94,424.15,72.24,60.17,241.38,136.35,247.87,71.14,26.15,50.21,29.05,227.76,78.43,84.23,214.25,30.77,109.98,52.53,38.72,327.91,91.48,90.13,69.45,5.37,177.55,40.12,381.01,74,72,10,16
2,15,26.81,10.52,728.95,33.11,229.38,26.40,36.54,171.44,52.29,158.63,28.71,12.90,21.28,-22.93,218.97,27.38,3.71,159.48,3.27,335.09,64.32,54.43,244.18,-90.24,260.06,14.20,67.90,168.53,-57.40,116.76,61.17,32.54,208.27,50.56,72.13,84.70,43.05,294.31,103.44,319.97,2.48,27.08,427.21,148.36,496.53,78.35,48.09,50.65,59.94,277.45,96.48,23.36,262.18,58.75,347.29,6.09,82.54,115.97,-1.89,49.97,30.06,64.77,250.42,-9.28,80.07,88.77,58.13,129.91,-62.78,99.46,24.56,44.13,56.60,14.10,217.48,18,30,76,70
2,15,52.19,4.69,192.74,53.47,198.03,40.17,3.23,224.58,-52.53,77.17,90.93,67.81,447.51,77.72,222.17,64.83,53.03,95.07,-66.24,215.26,63.38,39.86,106.80,8.40,102.22,94.74,46.10,174.17,-56.74,209.45,13.39,59.76,133.68,27.35,87.41,61.91,1.29,141.96,-14.66,274.38,29.77,56.31,247.70,-1.39,49.37,98.55,71.62,177.49,79.35,447.08,69.19,23.57,504.90,-227.79,231.49,71.10,49.91,139.62,-103.00,425.17,51.05,49.35,332.60,61.28,260.74,2.06,40.30,201.74,-43.69,94.39,89.21,31.14,148.53,12.29,437.35,26,17,81,58
2,15,17.28,79.90,108.11,-26.90,175.34,94.42,36.57,133.30,-13.29,90.78,4.43,61.30,221.25,-108.19,366.30,14.89,12.93,112.68,38.52,277.98,28.59,61.15,44.34,9.85,73.64,93.47,23.79,660.19,91.53,170.86,92.73,58.43,73.12,22.34,489.73,77.53,73.52,289.86,10.09,100.97,77.26,17.85,187.47,26.79,53.74,31.61,40.78,150.17,-45.90,131.42,37.13,73.20,100.53,5.49,120.30,67.52,30.04,333.47,142.35,423.15,64.16,52.25,163.92,-29.82,68.58,96.22,26.75,137.00,2.74,71.60,17.31,4.20,595.59,40.19,152.62,15,81,61,30
2,15,94.66,37.17,154.42,-14.67,377.90,19.34,69.08,224.65,-14.49,53.70,27.20,98.37,19.36,4.38,224.62,46.23,67.97,128.96,23.59,276.95,10.10,34.91,109.56,44.71,258.83,19.17,67.28,267.03,30.14,137.70,30.49,94.91,70.14,-35.85,173.57,72.82,83.70,218.24,-49.16,424.87,13.66,89.06,232.21,75.49,113.27,31.71,93.11,195.01,7.25,37.24,46.41,71.86,122.03,27.87,352.57,42.67,71.24,43.38,-5.97,171.64,98.22,56.62,101.23,-0.61,202.93,90.75,92.91,145.95,4.05,55.61,47.99,51.51,442.66,247.36,255.97,74,28,28,89
2,15,97.37,55.91,74.51,19.74,75.37,60.53,28.28,102.70,-52.23,314.67,2.56,10.38,215.53,-42.74,72.69,80.71,59.56,92.39,-14.64,92.99,43.94,96.96,247.60,38.56,176.18,21.46,30.88,271.86,-32.30,54.85,79.48,80.59,48.27,-3.18,293.50,58.88,32.06,203.47,-53.00,231.82,67.06,14.67,162.29,-82.48,153.03,29.43,67.81,186.67,100.83,188.22,27.30,41.44,212.59,9.97,209.94,53.36,60.41,90.03,12.34,105.72,5.17,92.79,99.90,-10.65,46.15,37.14,25.70,189.09,100.10,126.61,63.95,81.25,18.71,2.27,250.69,22,42,71,25
2,15,22.53,60.93,234.76,95.20,305.48,8.19,8.38,135.90,22.65,61.01,2.65,87.68,521.30,56.39,194.30,93.09,83.91,56.06,-11.65,106.45,23.23,32.04,190.83,-17.23,116.68,72.42,93.47,52.86,2.48,77.19,44.76,16.22,211.62,-35.05,168.23,30.30,15.44,289.43,88.46,105.77,76.36,34.12,323.44,243.22,360.45,97.28,21.16,257.14,-2.64,160.65,39.56,65.85,182.74,-65.34,185.23,75.82,39.48,109.37,-10.19,225.92,27.41,36.58,87.20,-44.43,187.86,39.15,69.09,413.27,38.59,148.55,67.67,48.83,216.18,-25.17,36.93,10,22,76,22
2,15,3.64,33.35,61.60,20.49,220.32,65.43,73.80,326.89,53.23,158.05,45.67,6.09,266.07,27.92,145.22,53.75,85.59,234.64,168.58,592.17,91.56,9.98,125.51,26.96,204.84,41.23,22.30,270.53,-99.14,283.27,61.54,37.91,121.78,-64.69,111.38,1.14,22.56,176.19,35.56,170.40,98.72,43.25,232.25,83.13,202.07,87.76,40.28,123.36,-2.44,104.17,60.00,2.43,262.32,-25.05,92.09,49.70,16.38,241.30,-9.57,248.48,57.44,80.39,48.18,11.89,82.90,11.27,42.59,360.28,108.95,89.76,81.71,74.98,200.85,21.75,69.16,61,77,30,13
2,15,94.96,80.96,132.69,27.92,257.55,66.21,57.03,160.57,-85.32,248.73,76.97,62.30,32.30,-9.78,107.05,78.46,4.19,245.70,-25.71,52.77,74.39,91.50,203.71,48.29,42.66,92.67,48.47,203.25,-181.33,331.70,74.02,81.29,158.55,51.21,169.62,86.86,33.34,405.82,14.67,472.71,22.91,56.98,223.15,14.90,38.33,54.38,49.21,238.64,-5.43,65.69,17.78,81.54,142.82,-155.57,483.68,25.31,98.09,55.56,101.06,321.99,82.63,77.02,115.76,-5.99,50.42,91.90,11.33,272.32,-6.58,193.90,6.72,65.03,143.63,98.50,249.66,47,26,80,65
2,15,48.63,10.15,118.46,-119.04,437.70,13.35,28.05,317.96,-148.44,234.97,50.47,87.38,106.87,-68.61,225.87,1.10,92.21,222.07,-104.74,106.11,41.78,25.22,151.18,-5.33,106.09,63.19,67.83,130.37,42.22,175.95,23.27,46.35,417.16,46.79,260.26,32.77,4.77,276.98,16.57,411.09,23.84,37.52,211.87,-45.28,29.80,14.58,42.72,277.81,-96.93,304.84,16.14,43.03,79.24,33.84,305.78,64.28,95.01,200.13,67.93,396.70,9.83,48.16,321.29,3.67,138.26,91.32,36.94,62.39,-42.25,200.19,83.69,29.57,369.51,100.17,457.78,39,87,14,42
2,15,17.09,75.03,343.50,-108.82,262.96,34.50,17.28,180.91,-46.35,153.87,99.17,33.78,239.08,19.33,84.63,78.73,89.12,94.96,28.15,131.54,82.67,93.99,110.68,-27.14,330.57,44.20,50.85,112.71,1.23,53.04,29.09,68.68,82.80,-29.56,51.94,34.57,32.62,146.74,2.56,193.83,78.63,25.89,127.48,20.14,293.55,64.78,26.61,359.27,-47.97,120.53,47.73,51.40,630.25,96.47,220.37,72.06,53.31,105.20,9.51,173.12,87.51,65.41,210.65,-40.81,202.56,53.25,10.65,155.22,-40.33,77.37,97.59,34.81,144.66,-77.94,411.64,80,23,16,79
2,15,49.42,59.03,261.99,0.78,27.87,22.11,12.18,148.80,-53.23,205.62,72.91,60.76,35.06,11.65,106.51,4.35,43.22,266.16,-60.47,228.80,74.89,14.20,694.19,208.74,194.85,61.73,19.84,249.51,6.35,332.77,13.75,68.38,26.01,-12.37,160.59,81.40,54.51,182.87,-23.38,134.81,47.08,34.83,190.82,4.50,64.64,14.38,24.53,139.65,35.14,188.57,0.13,3.23,103.41,10.50,79.53,89.04,50.56,290.26,82.25,250.66,5.73,9.82,201.72,71.01,345.43,61.29,54.92,27.74,-31.30,245.72,64.81,43.25,43.26,19.56,505.82,20,84,72,35
2,15,59.79,50.48,211.52,-15.95,118.28,99.57,85.30,274.32,33.28,281.37,43.78,77.74,352.16,16.81,63.40,48.06,28.51,518.43,3.07,182.59,6.06,47.05,157.61,-6.05,127.65,57.31,25.27,369.85,-299.92,592.82,71.87,75.86,120.53,-56.36,86.85,89.02,53.34,579.41,-9.92,125.68,57.88,81.15,94.46,36.53,265.85,49.18,57.35,229.66,47.01,47.12,35.27,26.91,225.50,39.23,84.66,16.94,54.48,178.23,-19.46,84.36,52.86,14.97,94.78,-42.21,138.08,54.06,84.88,329.13,19.29,210.91,31.34,71.46,661.97,-136.23,657.62,36,76,65,25
2,15,81.66,23.14,195.06,-21.20,34.57,92.88,86.55,275.75,-88.00,338.59,22.82,70.33,226.89,-134.92,240.15,53.75,18.80,214.60,-112.70,161.36,25.32,53.51,378.58,-4.27,172.66,57.41,36.16,75.32,-42.13,181.15,92.05,37.95,182.58,-28.66,64.93,63.90,62.25,308.89,-56.96,238.73,90.99,53.74,306.16,-23.24,67.13,51.96,42.16,138.49,78.63,294.20,67.08,73.86,235.30,-36.84,166.73,52.34,25.03,195.36,-16.29,288.05,88.83,38.67,247.00,38.32,147.52,57.17,76.00,244.13,27.59,130.62,29.49,41.92,176.48,38.78,121.99,12,82,70,28
2,15,14.44,51.35,302.30,-51.79,314.49,20.88,54.62,263.09,84.14,72.07,17.70,88.15,196.63,-12.74,86.53,6.79,1.07,412.81,36.69,178.71,19.77,83.71,27.46,46.79,409.20,90.24,48.55,137.10,-15.59,90.90,46.87,89.01,149.20,-43.65,378.37,41.28,10.88,144.41,6.41,99.06,86.70,20.24,177.51,-114.64,269.92,26.82,18.22,156.81,-88.85,402.95,71.55,70.42,85.21,22.78,247.97,64.22,8.49,379.98,22.19,52.17,55.90,68.09,294.17,35.71,294.88,89.75,11.42,320.92,-15.29,183.43,34.56,12.95,193.77,-70.89,234.45,65,81,15,55
2,15,58.13,53.01,201.85,56.99,496.37,14.06,24.76,441.35,57.23,150.76,85.98,0.98,162.38,-14.28,243.11,93.92,61.44,42.90,70.68,208.04,89.24,13.68,248.23,-78.15,105.56,95.21,81.55,330.69,-24.36,118.49,66.10,17.41,164.31,-51.86,101.41,76.32,32.68,21.01,44.63,340.12,32.88,14.13,284.37,-26.64,277.64,43.25,34.94,275.30,-9.21,88.05,55.68,4.45,564.27,66.38,245.88,81.80,40.02,278.04,68.63,43.74,30.73,42.40,96.04,-26.62,102.27,81.54,71.88,54.31,-20.30,248.06,42.87,38.78,168.28,13.19,71.64,21,30,77,38
2,15,57.12,63.43,224.25,45.85,363.01,60.15,53.44,251.52,-90.50,171.61,1.72,51.58,176.61,-32.07,96.27,78.34,31.78,61.39,-60.39,370.06,66.62,23.85,485.20,15.69,57.57,71.79,51.75,190.60,39.86,189.05,50.50,40.04,234.42,114.75,125.69,18.55,30.43,83.43,-29.15,337.84,36.25,27.06,543.30,190.88,278.48,7.41,76.79,110.73,41.29,236.26,19.07,11.49,111.78,57.12,235.39,38.68,1.84,200.13,171.69,330.02,1.24,52.39,91.80,9.61,216.65,77.13,71.08,27.15,-34.29,252.44,43.02,73.37,134.16,-111.53,303.59,80,26,11,84
2,15,2.70,89.28,60.95,102.94,335.10,2.50,35.94,134.16,-10.53,101.06,24.56,20.70,345.41,-81.03,305.70,82.25,44.10,60.26,82.34,475.58,7.93,91.21,101.10,-10.89,104.86,3.37,71.38,120.98,-3.72,17.47,25.27,84.46,237.67,23.32,392.43,68.61,17.99,384.45,66.38,130.24,92.88,36.00,321.87,-50.03,329.58,38.33,24.93,79.18,-42.78,360.50,96.84,6.19,231.79,-16.26,152.05,53.56,12.27,254.30,36.31,32.70,37.92,44.72,123.80,-11.91,309.70,51.21,52.52,292.14,-132.10,141.98,48.38,53.53,170.88,-32.22,322.77,14,38,68,46
2,15,49.33,55.37,193.19,0.23,285.75,3.54,83.27,57.75,6.94,208.27,49.88,69.23,356.69,117.47,281.18,41.06,60.41,276.10,-93.07,170.76,28.82,32.31,70.22,25.73,390.64,16.68,38.03,249.21,12.61,126.87,11.72,63.07,108.18,-37.77,62.00,70.06,53.15,91.13,7.49,271.84,39.50,42.15,475.51,-89.44,219.20,84.09,56.42,249.06,-36.53,51.87,30.76,11.41,37.73,28.85,523.14,39.65,98.83,183.13,48.34,175.86,62.40,1.06,176.92,32.38,492.40,70.78,18.53,366.06,-57.72,105.89,22.41,26.06,261.20,-79.65,381.56,19,22,14,80
2,15,65.89,55.55,516.77,119.64,102.51,63.16,20.54,568.46,-78.99,309.64,88.55,23.29,105.35,22.58,98.36,79.41,66.12,84.32,-67.69,429.08,46.16,31.48,301.69,47.71,116.62,86.92,38.53,147.02,10.60,55.27,40.55,31.58,188.42,33.83,159.52,53.25,63.66,65.54,-20.11,160.65,46.54,67.05,173.49,-42.60,76.76,73.22,28.79,137.48,-19.12,149.94,16.58,83.42,146.46,12.82,188.16,14.61,15.99,264.52,-46.01,228.62,25.89,82.72,323.03,-224.52,247.63,6.88,33.15,164.23,-6.85,204.21,1.43,23.65,95.72,-75.22,309.05,61,85,19,17
2,15,77.63,10.39,168.62,-4.87,261.28,84.38,74.74,124.04,3.66,235.38,10.49,65.16,349.92,65.40,237.16,90.88,85.29,415.28,92.82,58.62,2.49,84.27,176.45,-7.86,164.60,96.87,95.81,104.00,-16.44,222.27,36.78,61.26,566.26,-1.83,271.31,44.76,92.80,53.56,19.92,78.89,93.32,79.80,450.99,74.49,61.16,20.87,73.89,111.03,56.32,210.71,75.54,22.18,475.30,-32.65,54.19,34.01,54.42,100.33,34.98,438.86,83.32,7.17,58.98,96.59,279.64,28.40,40.46,329.79,-56.69,175.64,34.81,67.10,168.27,-60.72,448.90,10,70,81,54
2,15,55.48,73.62,191.74,-42.17,91.10,39.90,82.81,363.23,0.91,115.07,15.04,94.24,111.65,-12.23,188.93,21.54,87.83,632.24,-41.84,360.12,22.24,55.94,77.30,3.06,372.90,60.32,45.91,43.99,38.33,227.31,80.32,23.40,113.79,-0.76,59.58,4.97,49.78,151.51,11.51,133.55,68.35,26.35,187.86,-21.36,167.02,5.41,85.38,239.53,51.35,114.48,81.80,55.86,102.57,50.90,161.14,90.32,82.28,63.03,30.76,88.89,10.03,29.60,61.55,4.82,88.38,59.06,85.62,348.43,-34.78,259.92,37.80,38.08,198.47,-52.62,141.83,86,84,44,33
2,15,77.54,47.53,193.69,-7.28,350.26,56.89,56.78,162.62,86.82,139.45,63.30,98.61,196.66,6.76,46.95,89.64,40.45,505.97,180.02,411.30,42.84,48.77,144.11,24.58,219.18,28.75,23.21,215.82,18.04,41.74,84.57,8.09,60.14,-9.28,103.02,66.20,87.23,343.23,-102.02,330.15,20.61,62.61,393.84,-194.03,228.87,9.48,60.24,207.90,-153.64,216.83,19.11,37.92,384.67,35.72,154.74,18.52,70.30,214.77,19.38,215.47,99.43,92.62,524.22,-92.80,95.48,90.86,56.84,617.64,-141.12,157.38,35.58,18.68,193.35,63.60,469.14,29,30,58,74
